2017-12-19 00:29:16,942914696402915328,"Senior Apparel Designer: Tentree International Inc. (Vancouver BC): ""is where you come in. t.. #vancouver #eluta https://t.co/98QmIHpyuF"
2017-12-18 21:56:50,942876334828666880,"RT @AmericanForests: Urban forests save money, improve our health, lower stress, and so much more. Tell congress to protect @forestservice'‚Ä¶"
2017-12-18 18:49:55,942829293276504064,@Mo_Boston_ Hey Morgan. So sorry to hear you've had this issue with shipping! Please reach out to our customer supp‚Ä¶ https://t.co/nbyA96bVd2
2017-12-18 18:49:11,942829109243023360,@Mo_Boston_ @themissbexx Good question. Could you email our customer support team with more information? They'd be‚Ä¶ https://t.co/kUALbh6HMO
2017-12-18 04:05:02,942606607271284736,I can't thank @tentree enough for the opportunity to come to this incredible place. Forever thankful for my time in‚Ä¶ https://t.co/WM8lze7FM6
2017-12-18 00:13:38,942548374724730880,@themissbexx @tentree I wish! My presents have been sitting somewhere in Compton since Dec 9th ! WTF üò§
2017-12-18 00:10:08,942547491412615168,RT @boathousestores: Wear head to toe tentree this winter and give back. @tentree #tentree #headtotoe #comfy #selfieSunday #wintervibes htt‚Ä¶
2017-12-17 23:54:51,942543647630872577,"@tentree my package has been sitting in a delivery center in Compton, CA since Dec 9th..... i ordered it for Christ‚Ä¶ https://t.co/KoxbL9wWcy"
2017-12-17 23:30:13,942537447757570050,Wear head to toe tentree this winter and give back. @tentree #tentree #headtotoe #comfy #selfieSunday #wintervibes https://t.co/EPtkeJfTRc
2017-12-17 23:00:36,942529993401421824,"tesla provides solar power to puerto rico hospital left in the dark: https://t.co/V0XLbXCtYy 

#Solar #SolarPower #ReneableEnergy"
2017-12-17 21:16:49,942503877466877952,Gifts for the fellas in your life! #sneakers #snapback #tentree #planttentrees #makeadifference‚Ä¶ https://t.co/JYYa27waJB
2017-12-16 23:45:51,942178991829606400,"Tesla https://t.co/JMHbqbXfi8 @elonmusk @Tesla 
Wonderful."
2017-12-16 20:49:32,942134621474607104,üì∑ optically-aroused: tentree¬†A storm gathering above the clouds üå© PC: @santiagoborja https://t.co/GZMP0cAGVM
2017-12-16 20:12:52,942125392810467328,"GIFT IDEA: Suquet Home proudly carries @tentree tree women's, men's and unisex clothing and‚Ä¶ https://t.co/dXCIrKyXpz"
2017-12-16 14:14:48,942035281829662720,"RT @EarthPix: Just puppies at heart, Kelly Lund and Loki / Photo by @tentree https://t.co/cSfRGkHKNF"
2017-12-16 07:58:27,941940573237325824,RT @forgood_co: Reforestation efforts at @tentree are combined with education on sustainable practices and community jobs globally.  The co‚Ä¶
2017-12-16 05:01:27,941896029082861568,tentree's photo https://t.co/kXQNpksrEq
2017-12-16 03:25:05,941871775276711936,Tentree Celebrates 15 Million Trees Planted Globally in First Five Years of Business: Tentree Celebrates 15 Million‚Ä¶ https://t.co/zLm2Lwh5SD
2017-12-16 03:14:33,941869127546765312,Ten days till Christmas! Wahoooooo! #tentree #christmastime https://t.co/FJW48gm5rx
2017-12-15 22:22:55,941795734214594560,"RT @TheGearJunkie: Rad gear from @swellbottle, @tentree, @WylderGoods, and more. These gifts will make the outdoorswoman in your life jump‚Ä¶"
2017-12-15 21:20:06,941779927875059717,@tentree's site offers an interactive map that allows customers to see the global good of their purchases.  Their g‚Ä¶ https://t.co/MFIHJP28tC
2017-12-15 19:08:49,941746886322671617,"Ten Tree gifts! Make a difference, plant ten trees for every item purchased! #tentree‚Ä¶ https://t.co/uKY3nKHBga"
2017-12-15 18:44:38,941740800848773120,RT @forgood_co: Reforestation efforts at @tentree are combined with education on sustainable practices and community jobs globally.  The co‚Ä¶
2017-12-15 17:30:37,941722173579853824,Don't let a little wet weather stop you. Head out in an essential tentree hat. @tentree #tentree #wetweather #tgif‚Ä¶ https://t.co/uYxjbtFlzO
2017-12-15 17:22:51,941720221227802624,"RT @TheGearJunkie: Rad gear from @swellbottle, @tentree, @WylderGoods, and more. These gifts will make the outdoorswoman in your life jump‚Ä¶"
2017-12-15 17:00:35,941714616098480128,Reforestation efforts at @tentree are combined with education on sustainable practices and community jobs globally.‚Ä¶ https://t.co/tjlXAFbIey
2017-12-15 15:01:01,941684525737922560,"Rad gear from @swellbottle, @tentree, @WylderGoods, and more. These gifts will make the outdoorswoman in your life‚Ä¶ https://t.co/6xrhdxxnOz"
2017-12-15 13:00:28,941654189121441793,"With a legacy of 15 million trees planted, @tentree aspires to be ""the most environmentally progressive brand on th‚Ä¶ https://t.co/lsY6wR4VQ5"
2017-12-15 06:21:48,941553859792658434,"Omg @tentree this is a killer shot #heaven #seasons
#Repost @tentree (get_repost)
„Éª„Éª„Éª
Seasons‚Ä¶ https://t.co/vopf6aW1E8"
2017-12-14 20:15:01,941401159914233856,Get in on some FREE holiday shipping! Ends 12/19. Ten trees planted for each item purchased. ‚û°Ô∏è¬†‚Ä¶ https://t.co/TxUdBWRkgF
2017-12-14 18:22:50,941372926045036549,RT @animal_intl: It's the #12daysofbcorps and we are excited to tell you about @tentree You buy some sweet and comfy clothes and they plant‚Ä¶
2017-12-14 18:14:11,941370751655038976,I am so obsessed with shopping @tentree üå≥üå≤üå≤üå≥ someone needs to take away my credit card #theyplanttreestho
2017-12-14 18:05:03,941368453738274817,RT @themissbexx: Super impressed with @tentree and their shipment tracking!! So many other companies should take note! &lt;3 #thankful #christ‚Ä¶
2017-12-14 17:28:00,941359129981014016,Super impressed with @tentree and their shipment tracking!! So many other companies should take note! &lt;3 #thankful #christmaspresents
2017-12-14 17:01:04,941352352556216322,It's the #12daysofbcorps and we are excited to tell you about @tentree You buy some sweet and comfy clothes and the‚Ä¶ https://t.co/3gv2YKfnFk
2017-12-14 02:18:35,941130267489701888,"#Repost @tentree (get_repost)
„Éª„Éª„Éª
Milky bioluminescence in Tasmania, Australia üí´ PC:‚Ä¶ https://t.co/8PCCEXflXz"
2017-12-13 19:45:11,941031265205092353,"Tentree long sleeve burn out, perfect for covering up after a day in the wild. #BHOS has the gear to get you there.‚Ä¶ https://t.co/2ICJV0F0yp"
2017-12-13 13:06:28,940930921934606338,tentree's photo https://t.co/58nQE5eq7V
2017-12-13 03:53:41,940791810842025984,@thelizarddqueen These are pretty expensive but all vegan and made from organic/recycled materials. Each purchase p‚Ä¶ https://t.co/t3t9bQZKuA
2017-12-13 02:32:32,940771390986240000,"I will be here one day ‚ù§Ô∏è
#Repost @tentree (get_repost)
„Éª„Éª„Éª
Tree tunnel in Italy üå≥ PC: maxlazzi‚Ä¶ https://t.co/MvdHWve9GT"
2017-12-13 01:22:16,940753706747940865,Literally want everything from @tentree üò©
2017-12-13 00:33:42,940741481987534849,"#Repost @tentree (get_repost)
„Éª„Éª„Éª
Tree tunnel in Italy üå≥ PC:‚Ä¶ https://t.co/f4P0HrC4Hi"
2017-12-13 00:28:15,940740111322439682,"Will @tentree have swim suits by next summer? üå≤üå≥

...asking for a friend? ...I'm the friend."
2017-12-12 21:17:53,940692206767214593,"Freezing temperatures in #Switzerland via our friends @tentree 

Photo by jonihedinger‚Ä¶ https://t.co/VPNoch6hzi"
2017-12-12 13:10:20,940569507726315522,RT @emilylakeyy: Just two of my many different moods ü§∑üèª‚Äç‚ôÄÔ∏èüíú  @tentree https://t.co/gEyFzfmffz
2017-12-12 12:11:15,940554641179164673,RT @emilylakeyy: Just two of my many different moods ü§∑üèª‚Äç‚ôÄÔ∏èüíú  @tentree https://t.co/gEyFzfmffz
2017-12-12 11:59:09,940551595841937408,RT @emilylakeyy: Just two of my many different moods ü§∑üèª‚Äç‚ôÄÔ∏èüíú  @tentree https://t.co/gEyFzfmffz
2017-12-12 05:35:17,940454992368013312,"Taking a trip to a warmer side of the world tomorrow. In the meantime Chicago feels cold and sad
.
.
.

#mooody‚Ä¶ https://t.co/HdsT8fhA6X"
